FriendFinder Network,153
DSNR Media Group,82
Media.net,45
CNZZ,29
ShareASale,21
Taboola,14
Popcash,12
Content.ad,8
Skype,8
DirectREV,6
Allyes,5
Optimax Media Delivery,4
Omniture (Adobe Analytics),4
Gemius,4
Realtime,4
51.La,4
VKontakte Widgets,3
Conviva,3
AdSupply,3
OpenX,3
Adobe Test & Target,2
Complex Media Network,2
Brightcove,2
AppNexus,2
M. P. NEWMEDIA,2
LinkShare,2
DoubleClick,2
Zedo,1
Alexa Metrics,1
Wordpress Stats,1
Facebook Connect,1
Matomy Market,1
Statcounter,1
AdsTerra,1
Bugsnag,1
Switch Concepts,1
New Relic,1
Po.st,1
Advertising.com,1
RevenueHits,1
Histats,1
Criteo,1
Kaltura,1
SMART AdServer,1
DoubleClick DART,1
dgm,1
