DSNR Media Group,86
FriendFinder Network,58
Media.net,49
Advertising.com,46
CNZZ,34
ShareASale,21
Taboola,14
Popcash,12
Realtime,10
Po.st,9
Content.ad,8
Skype,8
Industry Brains,8
Omniture (Adobe Analytics),7
Unknown Advertisers,7
DoubleClick,7
TrafficForce,7
DirectREV,6
Gemius,5
ScoreCard Research Beacon,5
Optimax Media Delivery,4
Allyes,4
VKontakte Widgets,3
Conviva,3
eBay Stats,3
51.La,3
Shopify Stats,3
AdSupply,3
OpenX,3
Adobe Test & Target,2
Brightcove,2
Petametrics,2
AppNexus,2
M. P. NEWMEDIA,2
LinkShare,2
DoubleClick DART,2
Zedo,1
Alexa Metrics,1
Media Innovation Group,1
Facebook Connect,1
Miaozhen,1
Matomy Market,1
Statcounter,1
AdsTerra,1
Bugsnag,1
Right Media,1
New Relic,1
RevenueHits,1
Google Analytics,1
AnonymousAds,1
Pornvertising,1
Histats,1
Criteo,1
Kaltura,1
Perform Group,1
SMART AdServer,1
dgm,1
