espn.go.com,9
loading-delivery1.com,8
espncricinfo.com,5
google.com.co,3
enet.com.cn,3
hao123.com,3
tmz.com,3
goal.com,3
constantcontact.com,3
iqiyi.com,2
bitauto.com,2
petflow.com,2
shutterstock.com,2
google.com.pe,2
ku6.com,2
dailymotion.com,2
google.co.il,1
yandex.ru,1
intoday.in,1
xcar.com.cn,1
rapidgator.net,1
bitly.com,1
ero-advertising.com,1
yesky.com,1
chaturbate.com,1
bloomberg.com,1
bbc.co.uk,1
kooora.com,1
nba.com,1
amazon.co.uk,1
alipay.com,1
in.com,1
rediff.com,1
target.com,1
blogger.com,1
ifeng.com,1
ettoday.net,1
youku.com,1
clixsense.com,1
dell.com,1
freelancer.com,1
hudong.com,1
ndtv.com,1
baomihua.com,1
theguardian.com,1
paypal.com,1
indiatimes.com,1
ci123.com,1
