Facebook Connect,277
FriendFinder Network,187
Tealium,187
Omniture (Adobe Analytics),90
Taboola,89
DSNR Media Group,78
OptAim,78
Gravatar,72
Zedo,64
Zanox,64
TradeDoubler,53
ad2games,52
Twitter Button,48
LivePerson,47
ShareASale,45
Media.net,44
Popcash,37
Adcash,33
Statcounter,33
ad6media,32
Google Analytics,32
ExoClick,29
Google+ Platform,29
DoubleClick,29
Linkbucks,28
PopAds,28
AdScale,27
PlugRush,26
Disqus,25
Tanx,24
DirectREV,24
Adobe Test & Target,22
Typekit by Adobe,22
Adobe Tag Container,21
Conviva,20
Ensighten,19
Brightcove,17
TRUSTe Notice,17
MediaHub,16
Outbrain,15
Google AJAX Search API,15
Facebook Social Graph,15
AddThis,15
Livefyre,14
UserVoice,13
DoublePimp,13
Plista,12
Kaltura,12
INFOnline,12
Olark,11
AWeber,11
Janrain,11
AppNexus,10
WebTrends,10
Gigya Socialize,9
Realtime,9
Histats,9
eClick,9
Optimax Media Delivery,8
Salesforce Live Agent,8
Content.ad,8
VKontakte Widgets,8
Skype,8
AdSupply,8
TRUSTe Seal,8
LinkWithin,8
FreeWheel,7
Whos.amung.us,7
Rambler,6
MediaV,6
AT Internet,5
Gemius,5
Gravity Insights,5
Webtrekk,5
Press+,5
RichRelevance,5
Perform Group,5
Facebook Social Plugins,5
AdChina,4
McAfee Secure,4
Coremetrics,4
Propeller Ads,4
Sidecar,4
Yandex.API,4
RevenueHits,4
Zopim,4
Allyes,4
Baidu Ads,4
ScoreCard Research Beacon,4
DoubleClick DART,4
Google Custom Search Engine,4
OpenX,4
ClixSense,3
Miaozhen,3
Bazaarvoice,3
CivicScience,3
51.La,3
MyBuys,3
Advertising.com,3
Unofficial GitHub Buttons,3
ForeSee,3
5min Media,3
CNZZ,2
AdTaily,2
BlueKai,2
CPA Detective,2
Polldaddy,2
RCS MediaGroup,2
Mail.Ru Banner Network,2
Viafoura,2
Feedbackify,2
BBelements,2
Trove,2
WebEngage,2
M. P. NEWMEDIA,2
MicroAd,2
LinkShare,2
GetSatisfaction,2
Audience Science,2
Mixpanel,2
Zemanta,1
Visual Revenue,1
ZergNet,1
Alexa Metrics,1
adMOST,1
Sift Science,1
Complex Media Network,1
SnapEngage,1
Adkontekst,1
NetRatings SiteCensus,1
Conduit,1
Hatena,1
Flattr Button,1
Matomy Market,1
ad4mat,1
Optimizely,1
Orange,1
AdsTerra,1
MaxMind,1
Bugsnag,1
Right Media,1
New Relic,1
Po.st,1
iTunes Link Maker,1
MyFonts Counter,1
MarketGid,1
DataXu,1
Hello Bar,1
SiteTag,1
Criteo,1
Adap.tv,1
LinkedIn Widgets,1
Monetate,1
SMART AdServer,1
CheckM8,1
AliveChat,1
Quantcast,1
Triggermail,1
Sailthru Horizon,1
dgm,1
Adometry,1
RUN,1
