DoubleClick,426
OpenX,255
Google Analytics,235
SMART AdServer,187
Amazon Associates,178
Omniture (Adobe Analytics),156
Gemius,155
New Relic,142
Google Adsense,137
Krux Digital,131
Tealium,131
CNZZ,108
Taboola,104
Casale Media,102
Advertising.com,101
FriendFinder Network,100
Right Media,98
Vi,98
Medialand,96
Media Optimizer (Adobe),91
Content.ad,85
AppNexus,81
INFOnline,81
Tanx,81
TradeDoubler,77
Adition,77
AdRiver,76
Zanox,75
ExoClick,74
TNS,74
MediaMath,74
Gravatar,73
Google Tag Manager,72
ScoreCard Research Beacon,69
ChartBeat,68
Weborama,67
Moat,66
Zedo,64
AdFox,62
Baidu Ads,62
Alexa Metrics,58
Media.net,58
Criteo,58
ad2games,57
AdForm,57
DoubleClick DART,55
Kaltura,54
Optimizely,53
AT Internet,52
Bizo,51
AdMicro,51
ADTECH,49
Facebook Exchange (FBX),48
Facebook Connect,48
Realtime,48
VisualDNA,46
PubMatic,46
ShareASale,45
Rambler,45
LiveRamp,44
LivePerson,42
Popcash,41
Adobe Test & Target,40
Adcash,39
RCS MediaGroup,38
WebTrends,36
AdScale,36
Statcounter,35
DoublePimp,34
Rubicon,33
Adobe Tag Container,33
Ensighten,33
Neustar AdAdvisor,32
MarkMonitor,32
Media Innovation Group,31
Brightcove,31
ad6media,31
Struq,31
AddThis,30
Google AdWords Conversion,30
Parse.ly,29
Linkbucks,29
Adblade,29
Acxiom,28
Adnet (MedyaNet),28
eXelate,28
JuggCash,28
PopAds,28
Ligatus,27
cXense,27
Quantcast,27
AdChina,26
TrafficJunky,26
Turn,26
Datalogix,26
PlugRush,26
Aftonbladet Ads,25
Miaozhen,25
PolyAd,25
Adap.tv,25
Lotame,25
Audience Science,25
DirectREV,25
BlueKai,24
MediaV,24
Navegg,24
Advidi,24
Netmining,23
AdMeta,23
Simpli.fi,23
Rocket Fuel,23
Typekit by Adobe,22
Google+ Platform,22
5min Media,22
Yandex.Metrics,21
Conviva,21
AdvertPro,20
SOASTA mPulse,20
Emediate,20
Outbrain,19
Pingdom,19
TRUSTe Notice,19
Plista,19
Po.st,19
Allyes,19
Hi-Media Performance,19
Generic Affiliate Systems,18
BBelements,18
Twitter Button,18
MicroAd,18
ValueClick Mediaplex,18
Vizury,17
eBay Stats,17
TradeDesk,17
AdSupply,17
Twitter Advertising,17
Cross Pixel Media,17
Quisma,17
TriggIt,16
Improve Digital,16
Adsame,16
MediaHub,16
FreeWheel,16
i-mobile,16
Google AJAX Search API,15
NetRatings SiteCensus,15
LiveRail,15
Nanigans,15
Kantar Media,15
Lijit,14
Hubert Burda Media,14
Adroit Digital Solutions,14
Histats,14
UserVoice,14
Sizmek,13
Impact Radius,13
eBuzzing,13
Adview (Agora),13
AWeber,13
Begun,13
Pinterest,13
Meetrics,13
Whos.amung.us,13
Optimax Media Delivery,12
4w Marketplace,12
Komoona,12
Webtrekk,12
CompeteXL,12
AdLantis,12
Dynamic Yield,12
Dratio,12
DataXu,12
Connexity,12
AdMaster.cn,12
KissMetrics,11
Yieldlab,11
Flite,11
AdOcean,11
Mass Relevance,11
ToneFuse,11
aitarget,11
BidSwitch,11
Janrain,11
ForeSee,11
SpotXchange,11
VKontakte Widgets,10
SessionCam,10
TrafficHaus,10
Livefyre,10
OwnerIQ,10
AdPlan,10
Chitika,10
Facebook Social Plugins,10
adMOST,9
Fetchback,9
AdHitz,9
AdRoll,9
Intermarkets,9
Facebook Social Graph,9
Ghostery Privacy Notice,9
Scupio,9
JumpTime,9
Digilant,9
M. P. NEWMEDIA,9
Pornvertising,9
TrafficForce,9
Quigo AdSonar,9
Adometry,9
PageFair,9
Affectv,8
ShareThrough,8
Dynamic Logic,8
ValueClick Media,8
Salesforce Live Agent,8
Convertro,8
Acuity Ads,8
Gigya Socialize,8
Skype,8
Industry Brains,8
BuzzFeed,8
Propeller Ads,8
Sociomantic,8
TRUSTe Seal,8
Yandex.Direct,8
Aidata,8
LinkWithin,8
EQ Advertising,8
eStat,8
Zenovia,8
Adnologies,7
Ezakus,7
Chango,7
BrightTag,7
WebEngage,7
uLogix,7
Say Media,7
Sokrati,7
Videology,7
Twitter Badge,7
AdXpansion,7
redvertisment,6
Federated Media,6
Wordpress Stats,6
Menlo,6
Burst Media,6
Perfect Audience,6
Gravity Insights,6
Orange,6
Switch Concepts,6
MaxPoint Interactive,6
Nativo,6
HUBRUS,6
Sidecar,6
Kauli,6
DoubleClick Spotlight,6
BrightRoll,6
Tribal Fusion,6
Gazprom-Media Digital,6
Between Digital,6
DynAd,6
GetIntent,6
Eloqua,6
RichRelevance,6
Proclivity,6
DoubleClick Bid Manager,6
Mixpanel,6
UserZoom,5
AMP Platform,5
CPA Detective,5
Demandbase,5
Piwik Analytics,5
Adkontekst,5
Adult Webmaster Empire,5
AdultAdWorld,5
Komli ATOM,5
Coremetrics,5
SkimLinks,5
Veruta,5
Bounce Exchange,5
DSNR Media Group,5
Atlas,5
DoubleClick Floodlight,5
impAct,5
Internet BillBoard,5
Qualtrics,5
BloomReach,4
AdClear,4
eDigitalResearch,4
Maxymiser,4
Pilot,4
Specific Media,4
OWA,4
FACETz,4
Yahoo Analytics,4
McAfee Secure,4
Yieldbot,4
Mail.Ru Banner Network,4
Logicad,4
Olark,4
Sub2,4
Sonobi Media,4
SiteScout,4
Disqus,4
Press+,4
AppDynamics,4
Petametrics,4
Evergage,4
Gaug.es,4
Research Now,4
InsightExpress,4
Dotomi,4
RevenueHits,4
Media6Degrees,4
Gomez,4
Xaxis,4
Zopim,4
Magnetic,4
Admedo,4
PulsePoint,4
TagMan,4
[24]7,4
eClick,4
Innity,4
Ve Interactive,4
Sailthru Horizon,4
Mobify,4
Lyris ClickTracks,3
Shop2market,3
Accuen Media,3
Direct/ADVERT,3
LiveInternet,3
DataMind,3
Keen IO,3
DemandMedia,3
ClixSense,3
Qubit Opentag,3
rutarget,3
Marketo,3
Flashtalking,3
Newtention,3
AdLabs,3
SUP media,3
Bazaarvoice,3
Perfect Market,3
AdPilot,3
CivicScience,3
Mouseflow,3
Proficientz,3
Experian Marketing Services,3
51.La,3
MyBuys,3
Nurago,3
LiftDNA,3
NetAffiliation,3
Usabilla,3
Shopify Stats,3
nPario,3
NDN Analytics,3
Segment.io,3
Unofficial GitHub Buttons,3
Perform Group,3
Channel Intelligence,3
C8 Network,3
Dianomi,3
ShareThis,3
AdSniper,3
Refined Labs,3
Linkpulse,3
Epom,3
Google Custom Search Engine,3
UpToLike,3
33Across,2
myThings,2
AdReady,2
ATG Recommendations,2
AdTaily,2
Visual Revenue,2
eyeReturn Marketing,2
KissInsights,2
Neodata,2
ThoughtLeadr,2
Sift Science,2
FluidSurveys,2
Polldaddy,2
Advolution,2
StumbleUpon Widgets,2
Catchpoint,2
Terren,2
Adzerk,2
adcloud,2
Optim.al,2
AdStir,2
Viafoura,2
AdExtent,2
DataPoint Media,2
PersianStat,2
BridgeTrack,2
eProof,2
Tumblr Buttons,2
Feedbackify,2
MaxMind,2
SexAdNetwork,2
Pardot,2
Vibrant Ads,2
Aggregate Knowledge,2
AdTotal,2
Nugg.Ad,2
Certona,2
Trove,2
Korrelate,2
Weibo Widget,2
LeadLander,2
iTunes Link Maker,2
MentAd,2
Creafi,2
Ziff Davis,2
adingo,2
ATG Optimization,2
LinkShare,2
Marin Search Marketer,2
Carbon Ads,2
Monetate,2
Eyeview,2
CheckM8,2
bigmir,2
iGoDigital,2
GetSatisfaction,2
Teads,2
Inspectlet,2
Email Attitude,2
Econda,2
ecotag,1
Zemanta,1
InfoLinks,1
GroupM Server,1
ClickDensity,1
ZergNet,1
Qualaroo,1
Kontera ContentLink,1
AdExcite,1
Free Online Users,1
Wikia Beacon,1
Dedicated Media,1
TripleLift,1
LinkSmart,1
RadiumOne,1
Complex Media Network,1
[x+1],1
SnapEngage,1
ClickIgniter,1
HubSpot,1
VoiceFive,1
Conduit,1
ClearSaleing,1
Hatena,1
Flattr Button,1
Errorception,1
Bluelithium,1
Matomy Market,1
Totango,1
ad4mat,1
Certifica Metric,1
Ethnio,1
Insightera,1
RBC Counter,1
Performable,1
AdsTerra,1
Yahoo! Overture,1
ReTargeter Beacon,1
Bugsnag,1
ClickTale,1
Genome,1
Rating@Mail.Ru,1
Brilig,1
Fox Audience Network,1
Baynote Observer,1
New York Times,1
Tacoda,1
Alexa Widget,1
Kameleoon,1
ADResult,1
Vizu,1
Wall Street on Demand,1
Audience Amplify,1
Predicta,1
MyFonts Counter,1
BuySellAds,1
Melt,1
SimpleReach,1
MarketGid,1
AnonymousAds,1
Hello Bar,1
SiteTag,1
e-planning,1
Legolas Media,1
Openstat,1
LinkedIn Widgets,1
SiteMeter,1
Kenshoo,1
Peer39,1
Scripps Networks,1
Advertise.com,1
AliveChat,1
LinkedIn Ads,1
Affili.net,1
News Corp Beacon,1
ClickDimensions,1
Triggermail,1
Adconion,1
AdReactor,1
ReklamZ,1
SAS,1
TubeMogul,1
Enreach,1
Woopra,1
dgm,1
CPX Interactive,1
Tag Commander,1
RUN,1
