nytimes.com,37
match.com,36
lenovo.com,34
newegg.com,33
godaddy.com,33
souq.com,33
target.com,31
united.com,30
espn.go.com,29
cbsnews.com,28
att.com,28
magentocommerce.com,28
sears.com,28
fool.com,28
time.com,27
ticketmaster.com,27
gotomeeting.com,27
macys.com,26
nbcnews.com,26
gamespot.com,26
cnet.com,26
mirror.co.uk,26
slate.com,26
mynet.com,25
wired.com,25
allocine.fr,25
jabong.com,25
ancestry.com,25
sfgate.com,25
chron.com,25
dell.com,25
focus.de,25
retailmenot.com,25
kohls.com,25
surveymonkey.com,24
lowes.com,24
nordstrom.com,24
terra.com.br,24
infusionsoft.com,24
news.com.au,24
smh.com.au,24
gamefaqs.com,23
eventbrite.com,23
avg.com,23
ew.com,23
cnbc.com,23
verizon.com,23
allrecipes.com,22
ig.com.br,22
people.com,22
snapdeal.com,22
homedepot.com,22
zazzle.com,22
samsung.com,21
thedailybeast.com,21
businessinsider.com,21
verizonwireless.com,21
slickdeals.net,21
kooora.com,21
theblaze.com,21
tmz.com,21
spotify.com,21
forbes.com,20
yellowpages.com,20
avast.com,20
gome.com.cn,20
asos.com,20
overstock.com,20
wikia.com,20
trulia.com,20
cbssports.com,20
sueddeutsche.de,20
shaadi.com,20
nydailynews.com,20
washingtonpost.com,20
bleacherreport.com,20
canadaalltax.com,20
flipkart.com,19
examiner.com,19
hotels.com,19
huffingtonpost.com,19
globo.com,19
delta.com,19
zendesk.com,19
semrush.com,19
chip.de,19
wsj.com,19
bhphotovideo.com,19
myfitnesspal.com,18
capitalone.com,18
bankofamerica.com,18
aftonbladet.se,18
go.com,18
avira.com,18
constantcontact.com,18
independent.co.uk,18
bloomberg.com,18
gap.com,18
quikr.com,18
hootsuite.com,18
marketwatch.com,18
aliexpress.com,18
usatoday.com,18
foxnews.com,17
coupons.com,17
eonline.com,17
suning.com,17
intuit.com,17
shutterstock.com,17
fiverr.com,17
hubspot.com,17
weather.com,17
softonic.com,17
whitepages.com,17
nouvelobs.com,17
myntra.com,17
vice.com,17
airtel.in,17
meetup.com,17
citrixonline.com,17
walmart.com,17
ustream.tv,17
wunderground.com,17
reuters.com,17
nike.com,17
onlylady.com,17
clarin.com,17
paypal.com,17
rightmove.co.uk,17
nfl.com,17
stumbleupon.com,16
seekingalpha.com,16
almasryalyoum.com,16
livejasmin.com,16
imgur.com,16
abcnews.go.com,16
outbrain.com,16
urbandictionary.com,16
istockphoto.com,16
theguardian.com,16
interia.pl,16
gazeta.pl,16
answers.com,16
welt.de,16
addthis.com,16
leadpages.net,15
hp.com,15
engadget.com,15
hespress.com,15
hulu.com,15
cracked.com,15
telegraph.co.uk,15
bhaskar.com,15
shopify.com,15
adultfriendfinder.com,15
rambler.ru,15
lequipe.fr,15
conduit.com,15
xcar.com.cn,15
123rf.com,15
kickstarter.com,15
gawker.com,15
odesk.com,15
lifehacker.com,15
pingdom.com,15
freelancer.com,15
webmd.com,15
goal.com,15
mapquest.com,15
aweber.com,14
rbc.ru,14
gizmodo.com,14
t-online.de,14
zedo.com,14
nhl.com,14
bbc.co.uk,14
photobucket.com,14
vnexpress.net,14
cnn.com,14
pch.com,14
twitch.tv,14
comcast.com,14
mackolik.com,14
mobile.de,14
expedia.com,14
nbcsports.com,14
jimdo.com,14
theverge.com,14
bbc.com,14
linkedin.com,14
gazzetta.it,14
webs.com,14
yelp.com,14
hongkiat.com,14
hardsextube.com,14
babycenter.com,14
comcast.net,14
tomshardware.com,13
ibm.com,13
fifa.com,13
mbc.net,13
tripadvisor.co.uk,13
iqiyi.com,13
agoda.com,13
aol.com,13
priceline.com,13
alibaba.com,13
forgeofempires.com,13
dailymotion.com,13
9gag.com,13
indiatimes.com,13
usmagazine.com,13
olx.in,13
adobe.com,13
redtube.com,13
msn.com,13
ehow.com,13
realtor.com,13
reference.com,13
lemonde.fr,13
ndtv.com,13
rottentomatoes.com,13
groupon.com,13
firstpost.com,13
idealo.de,13
indeed.com,12
wix.com,12
apple.com,12
wordpress.com,12
voc.com.cn,12
fedex.com,12
in.com,12
files.wordpress.com,12
templatemonster.com,12
elance.com,12
swagbucks.com,12
fotolia.com,12
change.org,12
oneindia.in,12
glassdoor.com,12
getresponse.com,12
b5m.com,12
tripadvisor.com,12
sky.com,12
abc.es,12
idnes.cz,12
behance.net,12
kayak.com,12
lanacion.com.ar,12
weheartit.com,12
privatehomeclips.com,12
petflow.com,12
163.com,12
leagueoflegends.com,12
eazel.com,12
viralnova.com,12
sulekha.com,12
hurriyet.com.tr,11
wetransfer.com,11
histats.com,11
amazonaws.com,11
mmbang.com,11
zulily.com,11
latimes.com,11
mlb.com,11
tradedoubler.com,11
foxsports.com,11
squarespace.com,11
vesti.ru,11
kompas.com,11
warriorforum.com,11
ebay.in,11
prothom-alo.com,11
premierleague.com,11
ettoday.net,11
techcrunch.com,11
wetter.com,11
weebly.com,11
nypost.com,11
wp.pl,11
ning.com,11
ashleyrnadison.com,11
zillow.com,11
accuweather.com,11
searchengineland.com,11
babytree.com,11
bitly.com,11
woothemes.com,11
foodnetwork.com,11
hostgator.com,11
ask.com,11
upworthy.com,11
yaolan.com,11
goodreads.com,11
hidemyass.com,11
booking.com,11
wikihow.com,11
youm7.com,11
xywy.com,11
taboola.com,11
soundcloud.com,11
pcbaby.com.cn,11
ck101.com,11
sporx.com,11
autohome.com.cn,11
elpais.com,10
zimbio.com,10
tukif.com,10
businessweek.com,10
entrepreneur.com,10
51fanli.com,10
tokobagus.com,10
pconline.com.cn,10
alarabiya.net,10
hubpages.com,10
mailchimp.com,10
flickr.com,10
clixsense.com,10
traidnt.net,10
viadeo.com,10
ask.fm,10
careerbuilder.com,10
speedtest.net,10
spankwire.com,10
gumtree.com,10
zol.com.cn,10
scoop.it,10
bookmyshow.com,10
tumblr.com,10
getbootstrap.com,10
immobilienscout24.de,10
slideshare.net,10
list-manage.com,10
beeg.com,10
infobae.com,10
bodybuilding.com,10
hm.com,10
dreamstime.com,10
yahoo.com,10
bing.com,10
livejournal.com,10
tube8.com,10
amazon.in,10
hudong.com,10
sahibinden.com,10
goo.ne.jp,10
r10.net,10
tianya.cn,9
ria.ru,9
etsy.com,9
linternaute.com,9
sapo.pt,9
lefigaro.fr,9
box.com,9
hupu.com,9
pornerbros.com,9
youporn.com,9
pixiv.net,9
pixnet.net,9
pcgames.com.cn,9
motherless.com,9
haiwainet.cn,9
hatena.ne.jp,9
southwest.com,9
vimeo.com,9
houzz.com,9
avito.ru,9
myfreecams.com,9
movie4k.to,9
babylon.com,9
lenta.ru,9
picmonkey.com,9
steampowered.com,9
as.com,9
turbobit.net,9
scribd.com,9
pastebin.com,9
allegro.pl,9
digg.com,9
360.cn,9
website-unavailable.com,9
m-w.com,9
eyny.com,9
corriere.it,9
nifty.com,9
sexlog.com,9
iflscience.com,9
espnfc.com,9
gameforge.com,9
weibo.com,9
xtube.com,9
force.com,9
iplt20.com,9
moneycontrol.com,9
skysports.com,9
makemytrip.com,9
twoo.com,9
sogou.com,8
liveleak.com,8
imageshack.us,8
primewire.ag,8
repubblica.it,8
rapidgator.net,8
quora.com,8
popcash.net,8
dantri.com.vn,8
citibank.com,8
fatakat.com,8
nba.com,8
delta-search.com,8
popads.net,8
onet.pl,8
putlocker.bz,8
bild.de,8
xuite.net,8
skype.com,8
elegantthemes.com,8
blackhatworld.com,8
bluehost.com,8
npr.org,8
mozilla.org,8
dmm.com,8
reverso.net,8
chinatimes.com,8
buzzfeed.com,8
taringa.net,8
sex.com,8
ixxx.com,8
buenosearch.com,8
pof.com,8
life.com.tw,8
about.com,8
libero.it,8
xda-developers.com,8
india.com,8
steamcommunity.com,8
tagged.com,8
appledaily.com.tw,8
firedrive.com,8
amazon.cn,8
dailymail.co.uk,8
sahadan.com,8
prestashop.com,8
ucoz.ru,8
themeforest.net,7
issuu.com,7
likes.com,7
icicibank.com,7
clickbank.com,7
elmundo.es,7
xgo.com.cn,7
mobile01.com,7
livedoor.com,7
udn.com,7
dropbox.com,7
eluniversal.com.mx,7
mashable.com,7
tabelog.com,7
who.is,7
xnxx.com,7
bravotube.net,7
ebay.it,7
github.com,7
persianblog.ir,7
payoneer.com,7
mgid.com,7
state.gov,7
youjizz.com,7
qtrax.com,7
pornhub.com,7
sitepoint.com,7
fc2.com,7
asus.com,7
battle.net,7
commentcamarche.net,7
taleo.net,7
digikala.com,7
naukri.com,7
hdfcbank.com,7
instagram.com,7
biblegateway.com,7
mysql.com,7
tinyurl.com,7
nownews.com,7
sourceforge.net,7
webhostingtalk.com,7
filehippo.com,7
eastday.com,7
empowernetwork.com,7
mercadolibre.com.ar,7
thehindu.com,7
foursquare.com,7
porn.com,7
spiegel.de,7
ltn.com.tw,7
custhelp.com,7
iminent.com,7
biglobe.ne.jp,7
tabnak.ir,7
ebay.co.uk,7
wpmudev.org,7
prntscr.com,7
salesforce.com,7
amazon.co.jp,7
deezer.com,7
amazon.es,7
mercadolibre.com.ve,7
sh.st,7
neobux.com,7
dafont.com,7
pixlr.com,7
cj.com,7
ebay.com,7
amazon.it,7
virgilio.it,7
olx.pl,7
ebay.com.au,7
ebay.de,7
drtuber.com,7
kijiji.ca,7
graphicriver.net,7
worldstarhiphop.com,7
pinterest.com,7
zappos.com,7
app111.com,7
codecanyon.net,7
mercadolibre.com.mx,7
coccoc.com,7
mercadolivre.com.br,7
ebay.fr,7
marca.com,7
faithtap.com,7
jeuxvideo.com,7
usbank.com,6
cbslocal.com,6
zanox.com,6
rakuten.co.jp,6
cam4.com,6
eztv.it,6
chaturbate.com,6
ehowenespanol.com,6
kakaku.com,6
drudgereport.com,6
stackexchange.com,6
searchengines.ru,6
ameba.jp,6
letitbit.net,6
tinypic.com,6
uol.com.br,6
lockerdome.com,6
instructables.com,6
pantip.com,6
shopclues.com,6
pcmag.com,6
wow.com,6
zippyshare.com,6
mystart.com,6
haberturk.com,6
wordpress.org,6
jvzoo.com,6
sunporno.com,6
ign.com,6
amazon.com,6
java.com,6
ad6media.fr,6
netflix.com,6
58.com,6
4shared.com,6
americanexpress.com,6
libertagia.com,6
css-tricks.com,6
distractify.com,6
nuvid.com,6
domaintools.com,6
bongacams.com,6
yandex.ru,6
addmefast.com,6
snapdo.com,6
gfycat.com,6
24h.com.vn,6
renren.com,6
adnxs.com,6
bloglovin.com,6
milliyet.com.tr,6
exoclick.com,6
xe.com,6
amazon.co.uk,6
alipay.com,6
2345.com,6
cnmo.com,6
jobrapido.com,6
tmall.com,6
over-blog.com,6
ouedkniss.com,6
bestbuy.com,6
gutefrage.net,6
amazon.fr,6
evernote.com,6
mysearchresults.com,6
amazon.de,6
tutsplus.com,6
zergnet.com,6
typepad.com,6
uploaded.net,6
vube.com,6
nih.gov,5
mama.cn,5
irctc.co.in,5
joomla.org,5
rt.com,5
cnzz.com,5
clicksvenue.com,5
mail.ru,5
seesaa.net,5
sape.ru,5
y8.com,5
mp3skull.com,5
keezmovies.com,5
taobao.com,5
nairaland.com,5
stockstar.com,5
live.com,5
staples.com,5
etao.com,5
feelcars.com,5
detik.com,5
systweak.com,5
wellsfargo.com,5
bestblackhatforum.com,5
z5x.net,5
ca.gov,5
statcounter.com,5
lpcloudbox328.com,5
azlyrics.com,5
imdb.com,5
kinopoisk.ru,5
mediafire.com,5
streamcloud.eu,5
seznam.cz,5
thefreedictionary.com,5
ad2games.com,5
doorblog.jp,5
lacaixa.es,5
doubleclick.com,5
popmog.com,5
all-free-download.com,5
espncricinfo.com,5
adf.ly,5
outlook.com,5
yandex.ua,5
tractionize.com,5
beytoote.com,5
youtube-mp3.org,5
sberbank.ru,5
jd.com,5
xing.com,5
yandex.kz,5
webmoney.ru,5
yandex.com.tr,5
starbaby.cn,5
nikkei.com,5
altervista.org,5
indiamart.com,5
china.com.cn,5
amazon.ca,5
nicovideo.jp,5
daum.net,5
gigacircle.com,5
linkbucks.com,5
novinky.cz,5
irs.gov,5
9gag.tv,5
free-tv-video-online.me,5
screencast.com,5
ad4game.com,4
okcupid.com,4
mysearchdial.com,4
milanuncios.com,4
rednet.cn,4
naver.com,4
chexun.com,4
jquery.com,4
reddit.com,4
aparat.com,4
ero-advertising.com,4
farsnews.com,4
diply.com,4
thefreecamsecret.com,4
haber7.com,4
subscene.com,4
disqus.com,4
orange.fr,4
twitter.com,4
gmail.com,4
sakura.ne.jp,4
nate.com,4
rediff.com,4
linkwithin.com,4
w3schools.com,4
mihanblog.com,4
gtmetrix.com,4
qianlong.com,4
stackoverflow.com,4
ubuntu.com,4
wordreference.com,4
pr-cy.ru,4
imagebam.com,4
trovigo.com,4
vk.com,4
p5w.net,4
oracle.com,4
yts.re,4
intoday.in,4
goodgamestudios.com,4
habrahabr.ru,4
hstpnetwork.com,4
kickass.to,4
vk.me,4
v1.cn,4
ikea.com,4
zoho.com,4
awesomehp.com,4
android.com,4
siteadvisor.com,4
video-one.com,4
adscale.de,4
kaskus.co.id,4
watchseries.lt,4
xhamster.com,4
ce.cn,4
gismeteo.ru,4
gsmarena.com,4
chinaz.com,4
media-fire.org,3
ya.ru,3
subito.it,3
amung.us,3
youdao.com,3
blogger.com,3
so.com,3
workercn.cn,3
jqw.com,3
deviantart.com,3
extratorrent.cc,3
blogspot.com,3
qone8.com,3
xinhuanet.com,3
ci123.com,3
plaintube.com,3
youtube.com,3
basecamp.com,3
majesticseo.com,3
acesse.com,3
bet365.com,3
google.ru,3
500px.com,3
dmm.co.jp,3
facebook.com,3
google.com.ua,3
qinbei.com,3
jrj.com.cn,3
google.cz,3
web.de,3
ku6.com,3
fbcdn.net,3
leboncoin.fr,3
webssearches.com,2
savefrom.net,2
bestusefuldownloads.com,2
bestadbid.com,2
google.ae,2
thepiratebay.se,2
ted.com,2
4399.com,2
gmx.net,2
horoscopedays.com,2
douban.com,2
informer.com,2
flipora.com,2
blogspot.mx,2
chase.com,2
ameblo.jp,2
klikbca.com,2
blogspot.ru,2
google.co.id,2
google.co.il,2
google.co.in,2
google.com.hk,2
google.co.hu,2
baidu.com,2
google.com.ec,2
google.com.eg,2
plugrush.com,2
ezinearticles.com,2
google.com.co,2
dict.cc,2
probux.com,2
google.com.do,2
google.com.ar,2
soku.com,2
google.com.au,2
php.net,2
google.com.bd,2
google.com,2
google.com.br,2
aizhan.com,2
microsoft.com,2
youth.cn,2
livescore.com,2
google.sk,2
free.fr,2
google.se,2
google.ro,2
google.rs,2
mywebsearch.com,2
google.kz,2
monster.com,2
google.lk,2
google.co.za,2
google.it,2
google.com.vn,2
google.co.th,2
google.com.tr,2
google.com.tw,2
google.pl,2
google.pt,2
google.co.uk,2
adcash.com,2
mixi.jp,2
google.co.ve,2
google.no,2
google.nl,2
google.com.sg,2
google.com.sa,2
blogspot.in,2
google.dk,2
google.de,2
pravda.com.ua,2
abril.com.br,2
google.com.pe,2
google.com.ph,2
google.com.pk,2
google.dz,2
google.be,2
google.co.nz,2
google.bg,2
google.az,2
google.at,2
google.cl,2
gamer.com.tw,2
google.ch,2
odnoklassniki.ru,2
google.com.ng,2
google.ca,2
google.com.my,2
google.com.mx,2
blogspot.jp,2
google.hr,2
google.gr,2
google.com.ly,2
google.ie,2
blogspot.de,2
huanqiu.com,2
google.com.kw,2
google.co.jp,2
google.fi,2
blogspot.gr,2
google.es,2
google.co.kr,2
google.fr,2
doublepimp.com,2
archive.org,1
pandora.com,1
appimat.com,1
rutracker.org,1
yahoo.co.jp,1
hypergames.net,1
pchome.com.tw,1
bankmellat.ir,1
varzesh3.com,1
goo.gl,1
orf.at,1
timeanddate.com,1
cy-pr.com,1
craigslist.org,1
narod.ru,1
feedly.com,1
facenama.com,1
backpage.com,1
usps.com,1
directrev.com,1
badoo.com,1
wikimedia.org,1
appisys.com,1
wikipedia.org,1
openadserving.com,1
srv123.com,1
xvideos.com,1
soso.com,1
wiktionary.org,1
github.io,1
fhserve.com,1
naver.jp,1
softpedia.com,1
gc.ca,1
mega.co.nz,1
cpmterra.com,1
123srv.com,1
sharelive.net,0
4dsply.com,0
s2d6.com,0
clkmon.com,0
cntv.cn,0
europa.eu,0
uimserv.net,0
akamaihd.net,0
blogfa.com,0
keepvid.com,0
gateable.com,0
chaseswing.eu,0
googleusercontent.com,0
ovh.net,0
104.com.tw,0
blogspot.com.tr,0
bp.blogspot.com,0
tistory.com,0
ccb.com,0
rtbpop.com,0
torrentz.eu,0
indianrail.gov.in,0
t.co,0
zeroredirect1.com,0
linksynergy.com,0
gulfup.com,0
zeobit.com,0
media.tumblr.com,0
duckduckgo.com,0
nokia.com,0
w3.org,0
liveinternet.ru,0
ups.com,0
billdesk.com,0
mpnrs.com,0
nationalgeographic.com,0
0427d7.se,0
wideinfo.org,0
shareasale.com,0
disney.go.com,0
2ch.net,0
youyuan.com,0
m2newmedia.com,0
cloudfront.net,0
installerapplicationusa.com,0
searchfun.in,0
optmd.com,0
17ok.com,0
loading-delivery1.com,0
postimg.org,0
google.cn,0
icmwebserv.com,0
it168.com,0
onclickads.net,0
leo.org,0
admngronline.com,0
