DoubleClick,2250
AppNexus,1018
Google Adsense,657
Rubicon,497
Google Analytics,449
ScoreCard Research Beacon,411
Turn,393
OpenX,338
Lotame,306
MediaMath,288
Facebook Connect,287
Omniture (Adobe Analytics),279
AdRoll,257
Right Media,248
Advertising.com,233
Criteo,225
LiveRamp,223
ChartBeat,223
Casale Media,211
Facebook Social Plugins,211
Amazon Associates,202
Quantcast,196
SMART AdServer,188
Krux Digital,184
Tealium,181
Zedo,180
Media Optimizer (Adobe),174
PubMatic,167
ADTECH,161
Moat,151
BlueKai,150
New Relic,149
Gemius,148
AddThis,144
Google AdWords Conversion,138
Twitter Button,132
Facebook Exchange (FBX),130
Audience Science,126
DoubleClick Floodlight,125
DoubleClick Bid Manager,122
Sizmek,119
Taboola,119
Bizo,113
Adobe Test & Target,112
Rocket Fuel,110
TradeDoubler,109
Media Innovation Group,108
FriendFinder Network,105
Datalogix,105
CNZZ,101
Ghostery Privacy Notice,101
NetRatings SiteCensus,98
Medialand,98
Tribal Fusion,98
Realtime,86
eXelate,86
Atlas,84
Improve Digital,83
INFOnline,83
AdRiver,82
DSNR Media Group,82
Neustar AdAdvisor,81
Vi,81
Content.ad,80
Adap.tv,80
Effective Measure,80
redvertisment,77
Zanox,77
Ensighten,77
ExoClick,74
TradeDesk,72
Google Tag Manager,71
Acxiom,68
TNS,66
Baidu Ads,64
Twitter Advertising,64
Weborama,63
Alexa Metrics,62
VisualDNA,62
AdFox,62
Optimizely,62
WebTrends,62
Adition,62
ad2games,57
TRUSTe Notice,56
DoubleClick Spotlight,56
Integral Ad Science,56
DoubleClick DART,56
Visual Revenue,55
Media.net,55
PulsePoint,55
Videology,55
LivePerson,52
AT Internet,52
Vibrant Ads,52
AdForm,52
LiveInternet,51
[x+1],50
AdMicro,50
Rambler,48
Kaltura,48
Simpli.fi,48
Digilant,47
AdScale,47
ShareASale,46
Typekit by Adobe,45
KissMetrics,45
Crazy Egg,45
ValueClick Mediaplex,45
SpotXchange,44
BrightTag,43
Impulse,43
Adcash,42
Zenovia,41
Tynt,40
RCS MediaGroup,38
DataXu,38
NetAffiliation,37
Parse.ly,36
Statcounter,36
Hi-Media Performance,36
Google+ Platform,35
Ligatus,35
BidSwitch,35
ad6media,34
Adobe Tag Container,33
cXense,33
Lijit,32
Coremetrics,32
Begun,32
DoublePimp,32
Connexity,32
DirectREV,32
TrafficJunky,31
Aftonbladet Ads,31
Chango,31
Flashtalking,30
Brightcove,30
Media6Degrees,30
Linkbucks,30
Mixpanel,30
TriggIt,29
Aggregate Knowledge,29
Quisma,29
ValueClick Media,28
Po.st,28
PopAds,28
ShareThis,28
PlugRush,28
RadiumOne,27
Hubert Burda Media,27
BrightRoll,27
Twitter Badge,27
AdChina,26
Adnet (MedyaNet),26
Disqus,26
ClickTale,26
Xaxis,26
e-planning,26
Gravity Insights,25
Navegg,25
Advidi,25
MarkMonitor,24
Netmining,24
PolyAd,24
Jumptap,24
Quigo AdSonar,24
Experian Marketing Services,23
Yandex.Metrics,21
AdMeta,21
Conviva,21
LiveRail,21
OwnerIQ,21
5min Media,21
Accuen Media,20
SiteScout,20
Nanigans,20
BuySellAds,20
ForeSee,20
Cross Pixel Media,20
Gravatar,20
Pingdom,19
Miaozhen,19
AdvertPro,19
Adview (Agora),19
AWeber,19
Tanx,19
EQ Advertising,19
Optimax Media Delivery,18
Federated Media,18
Adnologies,18
Marketo,18
Scupio,18
Acuity Ads,18
Emediate,18
MicroAd,18
Adometry,18
Vizury,17
Brilig,17
SkimLinks,17
Veruta,17
Dotomi,17
MediaV,17
Adblade,17
Platform161,16
Adsame,16
Cedexis Radar,16
eBay Stats,16
MediaHub,16
BBelements,16
Sociomantic,16
Adroit Digital Solutions,16
Legolas Media,16
FreeWheel,16
i-mobile,16
KissInsights,15
Mass Relevance,15
Wordpress Stats,15
Facebook Social Graph,15
Switch Concepts,15
SOASTA mPulse,15
MarketGid,15
Tapad,15
Teads,15
AdMaster.cn,15
Outbrain,14
Adzerk,14
Generic Affiliate Systems,14
Komoona,14
Visual Website Optimizer,14
Plista,14
eBuzzing,14
Propeller Ads,14
LinkedIn Widgets,14
Kantar Media,14
eStat,14
Yieldlab,13
Dynamic Logic,13
Google AJAX Search API,13
Impact Radius,13
Convertro,13
AdSupply,13
Allyes,13
Histats,13
Marin Search Marketer,13
Pinterest,13
Proclivity,13
Whos.amung.us,13
AMP Platform,12
4w Marketplace,12
Webtrekk,12
CompeteXL,12
Admotion,12
AdLantis,12
Kauli,12
Adify,12
Eloqua,12
Crimtan,12
Specific Media,11
ToneFuse,11
Olark,11
aitarget,11
Dynamic Yield,11
UserVoice,11
AdPlan,11
Chitika,11
iPerceptions,11
Fetchback,10
VKontakte Widgets,10
JumpTime,10
Nativo,10
Tacoda,10
SessionCam,10
Dratio,10
TrafficHaus,10
Livefyre,10
Ziff Davis,10
Janrain,10
TrafficForce,10
Brandscreen,10
Affectv,9
ShareThrough,9
Demandbase,9
Piwik Analytics,9
AdOcean,9
AdHitz,9
Intermarkets,9
Burst Media,9
ChoiceStream,9
BuzzFeed,9
Pornvertising,9
impAct,9
PointRoll,9
Meetrics,9
eClick,9
Rich,9
CPX Interactive,9
NetSeer,9
Pilot,8
Salesforce Live Agent,8
Skype,8
Industry Brains,8
M. P. NEWMEDIA,8
TRUSTe Seal,8
Yandex.Direct,8
JuggCash,8
Between Digital,8
Aidata,8
LinkWithin,8
Magnetic,8
Monetate,8
AdReactor,8
PageFair,8
Maxymiser,7
Ezakus,7
CoreAudience,7
DataPoint Media,7
Gigya Socialize,7
Sonobi Media,7
MaxPoint Interactive,7
Nugg.Ad,7
WebEngage,7
Bounce Exchange,7
InsightExpress,7
Drawbridge,7
Unica,7
Say Media,7
Crowd Science,7
Ve Interactive,7
AdXpansion,7
Resonate Networks,6
Mail.Ru Banner Network,6
VigLink,6
ConvertMedia,6
Logicad,6
Connextra,6
Perfect Audience,6
Orange,6
Petametrics,6
51.La,6
HUBRUS,6
xplosion,6
LeadLander,6
Gomez,6
nPario,6
Gazprom-Media Digital,6
GetIntent,6
RichRelevance,6
Admedo,6
adk2,6
Eyeview,6
Sokrati,6
Adara Media,6
RUN,6
iCrossing,6
33Across,5
BloomReach,5
UserZoom,5
CPA Detective,5
FACETz,5
Adkontekst,5
Adult Webmaster Empire,5
VoiceFive,5
AdultAdWorld,5
Bluelithium,5
Komli ATOM,5
Genome,5
Baynote Observer,5
Sidecar,5
Shopify Stats,5
uLogix,5
TagMan,5
Internet BillBoard,5
Qualtrics,5
AdClear,4
eyeReturn Marketing,4
adMOST,4
OWA,4
Yahoo Analytics,4
Yieldbot,4
rutarget,4
Intergi,4
Videoplaza,4
AppDynamics,4
Proficientz,4
Evergage,4
Gaug.es,4
Research Now,4
Nurago,4
Yandex.API,4
Weibo Widget,4
RevenueHits,4
Predicta,4
Metrigo,4
Perform Group,4
Peer39,4
Clicky,4
[24]7,4
Refined Labs,4
Google Custom Search Engine,4
Shop2market,3
GroupM Server,3
eDigitalResearch,3
Google Website Optimizer,3
AdShuffle,3
Direct/ADVERT,3
DataMind,3
Keen IO,3
DemandMedia,3
ClixSense,3
McAfee Secure,3
iogous,3
Newtention,3
AdLabs,3
SUP media,3
Bazaarvoice,3
Perfect Market,3
AdPilot,3
SexAdNetwork,3
Accordant Media,3
CivicScience,3
Mouseflow,3
MyBuys,3
LiftDNA,3
Usabilla,3
AdAction,3
NDN Analytics,3
Segment.io,3
Unofficial GitHub Buttons,3
Zopim,3
Carbon Ads,3
SiteMeter,3
Channel Intelligence,3
C8 Network,3
CheckM8,3
HookLogic,3
News Corp Beacon,3
AdSniper,3
Sailthru Horizon,3
DoubleVerify,3
Epom,3
UpToLike,3
myThings,2
AdReady,2
Lyris ClickTracks,2
ATG Recommendations,2
AdTaily,2
Neodata,2
ThoughtLeadr,2
Sift Science,2
FluidSurveys,2
Advolution,2
LinkSmart,2
StumbleUpon Widgets,2
Catchpoint,2
Qubit Opentag,2
ClearSaleing,2
Optim.al,2
Viafoura,2
AdExtent,2
Matomy Market,2
PersianStat,2
BridgeTrack,2
eProof,2
Tumblr Buttons,2
GDN Notice,2
AdvertServe,2
Feedbackify,2
MaxMind,2
Pardot,2
PubSquared,2
AdTotal,2
Certona,2
Trove,2
Korrelate,2
Exactag,2
iTunes Link Maker,2
Audience Amplify,2
Buysight,2
MentAd,2
SimpleReach,2
AnonymousAds,2
DynAd,2
Segmint,2
ATG Optimization,2
LinkShare,2
Openstat,2
Kenshoo,2
TLV Media,2
Advertise.com,2
Adconion,2
bigmir,2
iGoDigital,2
GetSatisfaction,2
Linkpulse,2
Marimedia,2
Inspectlet,2
Email Attitude,2
Econda,2
Google Widgets,2
Steel House Media,2
ecotag,1
eXTReMe Tracker,1
Umbel,1
ClickForce,1
Yahoo! Retargetting,1
Zemanta,1
InfoLinks,1
ClickDensity,1
Facebook Conversion Tracking,1
ZergNet,1
Qualaroo,1
Kontera ContentLink,1
AdExcite,1
Free Online Users,1
Wikia Beacon,1
Buddy Media,1
Ad Spirit,1
Dedicated Media,1
TripleLift,1
Polldaddy,1
Complex Media Network,1
Prisma Media Digital,1
SnapEngage,1
ClickIgniter,1
HubSpot,1
Conduit,1
Hatena,1
Flattr Button,1
Errorception,1
Avazu Network,1
Adyoulike,1
Totango,1
ad4mat,1
Certifica Metric,1
LongTail Video Analytics,1
Ethnio,1
ClicManager,1
RBC Counter,1
Performable,1
AdsTerra,1
Glam Media,1
ReTargeter Beacon,1
Bugsnag,1
Burt,1
Rating@Mail.Ru,1
Alexa Traffic Rank,1
New York Times,1
Undertone,1
AlmondNet,1
Alexa Widget,1
Kameleoon,1
ADResult,1
Wall Street on Demand,1
MyFonts Counter,1
Creafi,1
Melt,1
Tremor Media,1
Autonomy,1
adingo,1
Hello Bar,1
SiteTag,1
TellApart,1
ADAOS,1
Scripps Networks,1
AliveChat,1
LinkedIn Ads,1
Affili.net,1
ClickDimensions,1
Triggermail,1
ReklamZ,1
SAS,1
TubeMogul,1
BehavioralEngine,1
Enreach,1
Woopra,1
Vindico Group,1
Datran,1
LifeStreet Media,1
dgm,1
Centro,1
Mobify,1
Intelligent Reach,1
Tag Commander,1
