AppNexus,889
Google Analytics,753
DoubleClick,451
OpenX,297
Omniture (Adobe Analytics),288
Facebook Connect,283
AdRoll,232
ChartBeat,217
Facebook Social Plugins,215
Advertising.com,204
Tealium,202
Krux Digital,198
Casale Media,193
Google Adsense,188
FriendFinder Network,184
SMART AdServer,182
Rubicon,167
MediaMath,167
Amazon Associates,164
Zedo,163
LiveRamp,163
Twitter Button,159
ScoreCard Research Beacon,154
Gemius,153
ADTECH,150
Right Media,149
Google AdWords Conversion,144
New Relic,142
Criteo,142
Taboola,120
Adobe Test & Target,117
CNZZ,115
AdChina,114
AddThis,104
Vi,103
Quantcast,102
Turn,101
PubMatic,101
Allyes,98
Medialand,89
AdRiver,89
Bizo,87
NetRatings SiteCensus,86
Media Optimizer (Adobe),85
Zanox,84
DSNR Media Group,82
Facebook Exchange (FBX),81
INFOnline,81
ExoClick,80
TradeDoubler,80
Tanx,80
Content.ad,79
Audience Science,79
Media Innovation Group,76
Ensighten,76
Gravatar,75
TNS,74
Google Tag Manager,72
Gomez,72
Lotame,72
BlueKai,71
Effective Measure,70
Alexa Metrics,69
Moat,69
Optimizely,65
AdFox,63
Baidu Ads,62
WebTrends,61
Visual Revenue,60
Kaltura,59
Realtime,58
TradeDesk,58
Atlas,58
Weborama,58
AdForm,58
ad2games,57
Media.net,56
Adition,55
Typekit by Adobe,54
DoubleClick DART,54
Tribal Fusion,53
OptAim,53
AT Internet,52
Miaozhen,52
Vibrant Ads,52
Rocket Fuel,52
LivePerson,51
LiveInternet,51
Improve Digital,51
VisualDNA,50
AdMicro,50
BrightTag,47
Rambler,47
Tynt,45
ShareASale,45
KissMetrics,43
Sizmek,43
Adcash,43
Flashtalking,43
Crazy Egg,42
Popcash,41
RCS MediaGroup,41
Brightcove,41
MediaV,41
AdScale,39
Hi-Media Performance,38
Statcounter,36
ad6media,36
Google+ Platform,35
Netmining,35
AdMaster.cn,35
Neustar AdAdvisor,34
Parse.ly,34
Lijit,34
cXense,34
DoublePimp,34
TrafficJunky,33
Datalogix,33
Ghostery Privacy Notice,31
Adobe Tag Container,31
Coremetrics,31
PulsePoint,31
DirectREV,31
eXelate,30
Linkbucks,30
ValueClick Mediaplex,30
Perform Group,30
Zenovia,30
MarkMonitor,29
Po.st,29
PopAds,29
Digilant,28
ShareThis,28
PlugRush,28
Quisma,28
Xaxis,27
Quigo AdSonar,27
e-planning,26
DoubleClick Bid Manager,26
Mixpanel,26
Gravity Insights,25
Disqus,25
Conviva,25
BidSwitch,25
ForeSee,25
Connexity,25
Aftonbladet Ads,24
TRUSTe Notice,24
Chango,24
Adview (Agora),24
Media6Degrees,24
PolyAd,24
Acxiom,23
Adnet (MedyaNet),22
AdMeta,22
SOASTA mPulse,22
Emediate,22
Begun,22
Videology,22
Advidi,22
ClickTale,21
MicroAd,21
BuySellAds,21
DataXu,21
Adap.tv,21
AdvertPro,20
Ligatus,20
5min Media,20
Outbrain,19
Yandex.Metrics,19
Plista,19
Dratio,19
Simpli.fi,19
Hubert Burda Media,18
Navegg,18
Adblade,18
Optimax Media Delivery,17
Pingdom,17
[x+1],17
Wordpress Stats,17
eBay Stats,17
SkimLinks,17
AdSupply,17
Meetrics,17
Adometry,17
SpotXchange,17
Marketo,16
Scupio,16
Menlo,16
Adsame,16
Aggregate Knowledge,16
MediaHub,16
AWeber,16
Nanigans,16
JuggCash,16
Between Digital,16
FreeWheel,16
Google AJAX Search API,15
Facebook Social Graph,15
DoubleClick Spotlight,15
Histats,15
OwnerIQ,15
Twitter Advertising,15
LinkedIn Widgets,15
Cross Pixel Media,15
Kantar Media,15
Federated Media,14
Mass Relevance,14
Adkontekst,14
Vizury,14
Cedexis Radar,14
Livefyre,14
UserVoice,14
Integral Ad Science,14
Impulse,14
i-mobile,14
TriggIt,13
KissInsights,13
Komoona,13
Acuity Ads,13
BBelements,13
AdLantis,13
LiveRail,13
Marin Search Marketer,13
Jumptap,13
Pinterest,13
Whos.amung.us,13
EQ Advertising,13
Platform161,12
AMP Platform,12
Adnologies,12
Impact Radius,12
4w Marketplace,12
Olark,12
eBuzzing,12
Dynamic Yield,12
Adroit Digital Solutions,12
Eloqua,12
ValueClick Media,11
Flite,11
AdOcean,11
RadiumOne,11
Adzerk,11
Intermarkets,11
ToneFuse,11
aitarget,11
Veruta,11
Sociomantic,11
Dotomi,11
BrightRoll,11
MarketGid,11
Ziff Davis,11
Affili.net,11
Internet BillBoard,11
Accuen Media,10
Dynamic Logic,10
Demandbase,10
Convertro,10
VKontakte Widgets,10
Webtrekk,10
Propeller Ads,10
Tacoda,10
AdPlan,10
Chitika,10
eStat,10
33Across,9
Fetchback,9
AdHitz,9
SiteScout,9
CompeteXL,9
Visual Website Optimizer,9
Komli ATOM,9
M. P. NEWMEDIA,9
Weibo Widget,9
TrafficHaus,9
LinkWithin,9
Janrain,9
eClick,9
ShareThrough,8
Salesforce Live Agent,8
Generic Affiliate Systems,8
DataPoint Media,8
Connextra,8
JumpTime,8
Experian Marketing Services,8
Skype,8
Industry Brains,8
Nativo,8
Kauli,8
TRUSTe Seal,8
Aidata,8
Segmint,8
Monetate,8
Say Media,8
AdReactor,8
PageFair,8
Piwik Analytics,7
Ezakus,7
Gigya Socialize,7
Nugg.Ad,7
Monster Advertising,7
WebEngage,7
Bounce Exchange,7
Yandex.Direct,7
uLogix,7
RichRelevance,7
Unica,7
TellApart,7
TrafficForce,7
Sokrati,7
Ve Interactive,7
redvertisment,6
BloomReach,6
eyeReturn Marketing,6
Maxymiser,6
adMOST,6
Specific Media,6
VigLink,6
Burst Media,6
Perfect Audience,6
Orange,6
Switch Concepts,6
BuzzFeed,6
HUBRUS,6
Sidecar,6
LeadLander,6
nPario,6
Drawbridge,6
Gazprom-Media Digital,6
GetIntent,6
Pornvertising,6
C8 Network,6
Crowd Science,6
Twitter Badge,6
AdXpansion,6
Yieldlab,5
FACETz,5
Adult Webmaster Empire,5
VoiceFive,5
AdultAdWorld,5
Mail.Ru Banner Network,5
Unknown Advertisers,5
Brilig,5
Admotion,5
Baynote Observer,5
Reklamport,5
NetAffiliation,5
Shopify Stats,5
Channel Intelligence,5
Dianomi,5
AdSniper,5
Qualtrics,5
GroupM Server,4
Facebook Conversion Tracking,4
Neodata,4
Wikia Beacon,4
OWA,4
Yahoo Analytics,4
ClixSense,4
Terren,4
McAfee Secure,4
Yieldbot,4
eBay Partner Network,4
Sub2,4
Sonobi Media,4
Videoplaza,4
Press+,4
AdPilot,4
AdvertServe,4
Petametrics,4
Mouseflow,4
Evergage,4
Gaug.es,4
Nurago,4
Usabilla,4
AdAction,4
RevenueHits,4
Tapad,4
impAct,4
Metrigo,4
Magnetic,4
Legolas Media,4
adk2,4
Peer39,4
TagMan,4
Clicky,4
[24]7,4
Innity,4
Sailthru Horizon,4
Proclivity,4
Teads,4
Epom,4
Mobify,4
Google Custom Search Engine,4
Brandscreen,4
ReputationManager,3
Lyris ClickTracks,3
Shop2market,3
eDigitalResearch,3
Google Website Optimizer,3
UserZoom,3
i-Behavior,3
Direct/ADVERT,3
DataMind,3
Keen IO,3
DemandMedia,3
Qubit Opentag,3
Adloox,3
adcloud,3
rutarget,3
Newtention,3
AdLabs,3
SUP media,3
Bazaarvoice,3
Perfect Market,3
CivicScience,3
Proficientz,3
Research Now,3
51.La,3
MyBuys,3
LiftDNA,3
Yabuka,3
SessionCam,3
Clicksor,3
xplosion,3
Exactag,3
iTunes Link Maker,3
Buysight,3
Adify,3
Segment.io,3
Unofficial GitHub Buttons,3
DoubleClick Floodlight,3
Zopim,3
SiteMeter,3
CheckM8,3
News Corp Beacon,3
Refined Labs,3
UpToLike,3
AdReady,2
ATG Recommendations,2
AdClear,2
AdTaily,2
Sift Science,2
LinkSmart,2
StumbleUpon Widgets,2
Catchpoint,2
CoreAudience,2
Optim.al,2
Bluelithium,2
AdExtent,2
ConvertMedia,2
ad4mat,2
PersianStat,2
BridgeTrack,2
eProof,2
Tumblr Buttons,2
RBC Counter,2
Feedbackify,2
MaxMind,2
SexAdNetwork,2
Accordant Media,2
Pardot,2
Genome,2
AdTotal,2
Alexa Traffic Rank,2
Certona,2
Trove,2
Korrelate,2
NDN Analytics,2
MentAd,2
Creafi,2
adingo,2
ATG Optimization,2
LinkShare,2
Openstat,2
Carbon Ads,2
Kenshoo,2
SellPoint,2
PointRoll,2
Advertise.com,2
Triggermail,2
bigmir,2
iGoDigital,2
GetSatisfaction,2
Linkpulse,2
Inspectlet,2
Email Attitude,2
CPX Interactive,2
Adara Media,2
Steel House Media,2
RUN,2
iCrossing,2
NetSeer,2
ecotag,1
myThings,1
eXTReMe Tracker,1
ClickForce,1
Yahoo! Retargetting,1
Affectv,1
Zemanta,1
InfoLinks,1
ClickDensity,1
ZergNet,1
Qualaroo,1
Kontera ContentLink,1
AdExcite,1
ThoughtLeadr,1
Dedicated Media,1
TripleLift,1
Resonate Networks,1
Polldaddy,1
Complex Media Network,1
SnapEngage,1
HubSpot,1
Conduit,1
ClearSaleing,1
Hatena,1
Flattr Button,1
Viafoura,1
Errorception,1
Avazu Network,1
Adyoulike,1
Matomy Market,1
Totango,1
Certifica Metric,1
Ethnio,1
Performable,1
AdsTerra,1
Yahoo! Overture,1
Glam Media,1
ReTargeter Beacon,1
Bugsnag,1
MaxPoint Interactive,1
Rating@Mail.Ru,1
Fox Audience Network,1
New York Times,1
Undertone,1
Alexa Widget,1
Ad Decisive,1
InsightExpress,1
Kameleoon,1
ADResult,1
Active Performance,1
Audience Amplify,1
Predicta,1
MyFonts Counter,1
SimpleReach,1
AnonymousAds,1
Autonomy,1
Hello Bar,1
SiteTag,1
Mark & Mini,1
Scripps Networks,1
Eyeview,1
AliveChat,1
LinkedIn Ads,1
Crimtan,1
ClickDimensions,1
Adconion,1
ReklamZ,1
SAS,1
TubeMogul,1
Enreach,1
Woopra,1
Vindico Group,1
dgm,1
Intelligent Reach,1
Econda,1
Tag Commander,1
